<?xml version="1.0" encoding="UTF-8"?>
<Configuration status="warn">
  <Appenders>
    <Console name="Console" target="SYSTEM_OUT">
      <PatternLayout pattern="%d{HH:mm:ss.SSS} %msg%n"/>
    </Console>
    <File name="match" fileName="${web:rootDir}/log/match.log">
      <PatternLayout pattern="%d{HH:mm:ss.SSS} [%t] %-5level %logger{36} - %msg%n"/>
    </File>
  </Appenders>
  <Loggers>
    <Logger name="match" level="trace">
      <AppenderRef ref="match"/>
    </Logger>
    <Root level="debug">
      <AppenderRef ref="Console"/>
    </Root>
  </Loggers>
</Configuration>